epoch,train_loss,test_acc@1,test_acc@5
1,6.451305477889543,33.31,85.24000000000001
2,6.1671354156179525,33.31,85.24000000000001
